Feature,Type,Missing Values,Outliers (Num Only)
Administrative,int64,0,404
Administrative_Duration,float64,0,1172
Informational,int64,0,2631
Informational_Duration,float64,0,2405
ProductRelated,int64,0,987
ProductRelated_Duration,float64,0,961
BounceRates,float64,0,1551
ExitRates,float64,0,1099
PageValues,float64,0,2730
SpecialDay,float64,0,1251
Month,object,0,N/A
OperatingSystems,int64,0,111
Browser,int64,0,4369
Region,int64,0,511
TrafficType,int64,0,2101
VisitorType,object,0,N/A
Weekend,bool,0,N/A
Revenue,bool,0,N/A
